date,volume,vw,open,close,high,low,t,n
2024-04-02 04:00:00,18246124.0,143.4247,142.85,140.0,152.48,138.64,1712030400000,110407
2024-04-03 04:00:00,8866864.0,139.5029,142.3,137.34,144.0,135.8,1712116800000,85696
2024-04-04 04:00:00,14207744.0,130.6435,136.0,126.06,139.35,125.26,1712203200000,103209
2024-04-05 04:00:00,16054788.0,123.7378,125.5,122.7,128.18,119.0,1712289600000,134774
2024-04-08 04:00:00,12195039.0,129.7112,126.13,129.96,131.95,125.86,1712548800000,104046
2024-04-09 04:00:00,9143523.0,131.6399,130.87,132.17,133.6,128.25,1712635200000,76502
2024-04-10 04:00:00,8376809.0,135.0828,129.5,138.37,139.93,128.94,1712721600000,81879
2024-04-11 04:00:00,5326943.0,137.7601,139.2,136.57,139.32,136.41,1712808000000,52146
2024-04-12 04:00:00,3765246.0,135.0144,135.0,134.0,138.11,133.555,1712894400000,39855
2024-04-15 04:00:00,3724891.0,131.7986,134.6,131.75,135.32,129.85,1713153600000,46583
2024-04-16 04:00:00,5870930.0,130.0799,132.5,130.07,133.05,128.25,1713240000000,55286
2024-04-17 04:00:00,6154554.0,135.0261,132.04,134.75,138.18,131.25,1713326400000,59706
2024-04-18 04:00:00,5022268.0,137.2352,138.15,137.22,138.41,135.43,1713412800000,50759
2024-04-19 04:00:00,4518763.0,137.5926,137.25,135.1,140.59,134.905,1713499200000,51257
2024-04-22 04:00:00,2435104.0,135.2905,135.52,136.69,137.14,132.11,1713758400000,35259
2024-04-23 04:00:00,4682814.0,145.3015,138.46,147.83,148.35,137.87,1713844800000,56676
2024-04-24 04:00:00,4684613.0,146.5821,147.0,146.18,149.9,144.35,1713931200000,51473
2024-04-25 04:00:00,6069264.0,146.443,143.0,148.31,152.14,138.6725,1714017600000,60128
2024-04-26 04:00:00,4230515.0,153.1635,153.64,153.07,157.25,150.2,1714104000000,46692
2024-04-29 04:00:00,5937215.0,158.0516,153.58,159.01,159.55,153.58,1714363200000,54438
2024-04-30 04:00:00,3490075.0,156.2447,158.14,153.71,163.1,152.25,1714449600000,44653
2024-05-01 04:00:00,3397459.0,151.8623,154.19,151.67,156.7,149.4207,1714536000000,33500
2024-05-02 04:00:00,2530741.0,153.8395,153.53,153.83,155.44,151.6589,1714622400000,30910
2024-05-03 04:00:00,4635134.0,161.4785,155.63,166.26,167.17,155.14,1714708800000,51710
2024-05-06 04:00:00,4007044.0,168.9939,167.16,169.14,171.17,164.51,1714968000000,50504
2024-05-07 04:00:00,2884150.0,169.7074,168.66,167.36,173.5,167.165,1715054400000,47023
2024-05-08 04:00:00,3679684.0,164.9896,167.0,164.0,167.01,163.225,1715140800000,51364
2024-05-09 04:00:00,4022569.0,166.6955,165.0,166.4,168.72,164.65,1715227200000,42825
2024-05-10 04:00:00,3459622.0,168.0516,169.0,167.27,170.8,165.99,1715313600000,48249
2024-05-13 04:00:00,4413798.0,162.5537,165.0,161.53,167.55,160.18,1715572800000,48261
2024-05-14 04:00:00,3855420.0,164.1883,160.69,165.63,166.555,158.86,1715659200000,42725
2024-05-15 04:00:00,2572025.0,169.2275,168.36,167.87,172.35,166.956,1715745600000,37033
2024-05-16 04:00:00,1604395.0,167.9068,168.03,166.4,170.0,166.35,1715832000000,28955
2024-05-17 04:00:00,1937153.0,163.088,166.88,162.62,167.64,160.94,1715918400000,33084
2024-05-20 04:00:00,1736122.0,161.7481,163.06,160.95,164.3,160.21,1716177600000,31901
2024-05-21 04:00:00,1945469.0,162.7215,160.24,163.93,164.49,159.07,1716264000000,25050
2024-05-22 04:00:00,2018868.0,164.7623,164.29,163.85,167.36,163.0,1716350400000,30512
2024-05-23 04:00:00,3139003.0,165.2485,166.42,161.67,170.0,161.44,1716436800000,44382
2024-05-24 04:00:00,4294052.0,174.4725,162.81,177.43,177.7695,162.09,1716523200000,60628
2024-05-28 04:00:00,2632749.0,179.0689,178.34,178.09,182.78,176.78,1716868800000,45533
2024-05-29 04:00:00,1537710.0,176.589,176.0,177.32,178.69,174.0962,1716955200000,31458
2024-05-30 04:00:00,2043133.0,175.6941,176.97,175.08,177.81,174.5,1717041600000,32372
2024-05-31 04:00:00,5454904.0,173.3403,177.1,175.9,179.765,165.4,1717128000000,59375
2024-06-03 04:00:00,3434765.0,170.3431,178.93,170.37,179.0,166.44,1717387200000,51873
2024-06-04 04:00:00,5279783.0,163.6827,168.35,163.04,169.41,161.33,1717473600000,60315
2024-06-05 04:00:00,8005543.0,163.79,165.09,163.49,168.3,162.47,1717560000000,60074
2024-06-06 04:00:00,5249018.0,159.0933,163.25,160.31,164.13,155.5,1717646400000,61842
2024-06-07 04:00:00,4850297.0,162.6186,159.5,162.08,165.76,159.04,1717732800000,57429
2024-06-10 04:00:00,4224304.0,165.8339,161.22,166.64,170.0,160.5984,1717992000000,41848
2024-06-11 04:00:00,2036122.0,166.7601,165.5,168.23,168.54,163.3,1718078400000,35582
2024-06-12 04:00:00,4016501.0,176.2955,171.54,177.52,179.22,171.155,1718164800000,51892
2024-06-13 04:00:00,3462158.0,176.2758,179.8,176.17,181.96,172.84,1718251200000,41865
2024-06-14 04:00:00,3128342.0,169.2816,174.09,170.17,174.78,166.2,1718337600000,40605
2024-06-17 04:00:00,2804196.0,169.0159,169.75,168.76,171.88,166.15,1718596800000,38114
2024-06-18 04:00:00,3364919.0,176.7193,167.94,179.57,180.25,166.33,1718683200000,53533
2024-06-20 04:00:00,4005304.0,180.412,178.47,177.18,185.5,175.095,1718856000000,58915
2024-06-21 04:00:00,3876954.0,174.8563,177.1,175.73,177.18,170.4,1718942400000,40802
2024-06-24 04:00:00,2552892.0,177.7625,176.55,178.14,179.15,174.77,1719201600000,31125
2024-06-25 04:00:00,2554030.0,179.9823,179.8,181.45,181.5,176.27,1719288000000,32935
2024-06-26 04:00:00,2283955.0,179.3676,180.89,180.0,181.725,177.62,1719374400000,27381
2024-06-27 04:00:00,2541263.0,175.6173,178.39,176.28,179.2729,173.25,1719460800000,34939
2024-06-28 04:00:00,3783554.0,171.2821,174.8,171.51,176.3,167.175,1719547200000,52385
2024-07-01 04:00:00,2748335.0,167.369,171.0,167.52,171.2,165.12,1719806400000,43887
2024-07-02 04:00:00,2447440.0,169.3623,165.41,169.81,171.98,165.41,1719892800000,27550
2024-07-03 04:00:00,1317151.0,172.7601,170.1,172.68,174.78,169.18,1719979200000,22425
2024-07-05 04:00:00,1629585.0,175.6674,171.5,176.23,177.44,171.26,1720152000000,28941
2024-07-08 04:00:00,1659343.0,175.2213,176.81,174.37,178.6,174.17,1720411200000,21188
2024-07-09 04:00:00,1801065.0,173.3892,174.28,172.98,174.83,172.6,1720497600000,18599
2024-07-10 04:00:00,1835670.0,177.809,174.93,179.73,179.8,174.6,1720584000000,27439
2024-07-11 04:00:00,2574654.0,178.3669,181.0,176.7,183.16,176.55,1720670400000,33435
2024-07-12 04:00:00,1603909.0,181.0362,177.95,180.45,184.331,174.4,1720756800000,29467
2024-07-15 04:00:00,3026614.0,177.9647,180.24,177.44,181.8099,176.5,1721016000000,46300
2024-07-16 04:00:00,1789742.0,181.6559,178.78,182.74,183.89,178.18,1721102400000,33578
2024-07-17 04:00:00,6033756.0,168.7489,180.2,165.83,180.2,162.9,1721188800000,88165
2024-07-18 04:00:00,4736552.0,162.2663,168.0,161.49,171.45,159.43,1721275200000,74952
2024-07-19 04:00:00,2547792.0,161.9018,162.0,163.34,163.69,159.11,1721361600000,38372
2024-07-22 04:00:00,1738608.0,166.3187,166.38,166.76,168.25,163.6839,1721620800000,27731
2024-07-23 04:00:00,3221764.0,169.8015,167.0,170.49,171.01,166.22,1721707200000,49093
2024-07-24 04:00:00,5532133.0,167.975,167.34,162.9,172.3,162.73,1721793600000,60913
2024-07-25 04:00:00,5163169.0,161.2736,166.0,160.0,166.29,156.41,1721880000000,61492
2024-07-26 04:00:00,3871920.0,170.8909,168.46,173.11,173.9755,163.69,1721966400000,49151
2024-07-29 04:00:00,1757967.0,171.7805,174.32,172.05,174.77,169.85,1722225600000,29387
2024-07-30 04:00:00,2639331.0,165.2787,172.93,162.7,174.07,162.45,1722312000000,37235
2024-07-31 04:00:00,4056500.0,176.553,171.25,178.24,180.255,171.25,1722398400000,52823
2024-08-01 04:00:00,3706765.0,175.5144,181.9,174.03,183.86,171.81,1722484800000,54330
2024-08-02 04:00:00,3314487.0,164.1888,168.78,164.73,169.99,161.5,1722571200000,50671
2024-08-05 04:00:00,3700451.0,160.2562,152.405,162.24,165.39,150.01,1722830400000,52704
2024-08-06 04:00:00,2800031.0,164.5522,163.08,164.35,166.465,160.0,1722916800000,33779
2024-08-07 04:00:00,3312842.0,168.6718,168.66,166.07,172.75,164.69,1723003200000,41974
2024-08-08 04:00:00,2755834.0,173.97,169.2,177.21,177.46,165.05,1723089600000,42947
2024-08-09 04:00:00,2766628.0,177.5375,176.52,179.11,179.55,172.6,1723176000000,34845
2024-08-12 04:00:00,1797785.0,177.4172,178.49,176.44,180.5,174.39,1723435200000,29571
2024-08-13 04:00:00,1552036.0,178.3992,178.05,179.65,180.26,175.315,1723521600000,24643
2024-08-14 04:00:00,2242670.0,182.6558,180.0,184.16,185.19,178.25,1723608000000,31020
2024-08-15 04:00:00,3477950.0,187.5483,185.5,188.82,190.7999,181.61,1723694400000,44156
2024-08-16 04:00:00,2718507.0,184.185,188.72,184.06,188.82,180.3907,1723780800000,30957
2024-08-19 04:00:00,1626853.0,184.2687,184.1,185.4,185.51,181.215,1724040000000,26619
2024-08-20 04:00:00,1138332.0,183.6645,184.96,184.0,186.0,181.68,1724126400000,20710
2024-08-21 04:00:00,1601541.0,183.927,183.47,184.26,185.24,181.81,1724212800000,23412
2024-08-22 04:00:00,2067915.0,185.2631,185.0,186.0,186.745,182.31,1724299200000,28200
2024-08-23 04:00:00,4872683.0,180.3375,180.8,183.29,183.56,173.07,1724385600000,57374
2024-08-26 04:00:00,2177004.0,181.3654,181.48,182.13,183.27,179.19,1724644800000,26778
2024-08-27 04:00:00,1613268.0,185.1633,181.0,185.55,187.1,180.49,1724731200000,26736
2024-08-28 04:00:00,2067683.0,183.2889,183.85,184.0,185.37,180.77,1724817600000,25452
2024-08-29 04:00:00,3155472.0,191.7825,186.0,191.36,195.68,185.355,1724904000000,44376
2024-08-30 04:00:00,3347707.0,198.1568,195.86,201.0,201.3696,194.2,1724990400000,43551
2024-09-03 04:00:00,4275304.0,192.2826,200.0,192.55,202.6,187.5479,1725336000000,59741
2024-09-04 04:00:00,3765078.0,199.2812,193.03,199.63,204.19,192.1223,1725422400000,53780
2024-09-05 04:00:00,3064325.0,197.7967,197.09,198.44,200.73,194.27,1725508800000,49925
2024-09-06 04:00:00,3884686.0,196.6235,198.99,198.33,201.18,193.38,1725595200000,47167
2024-09-09 04:00:00,1654895.0,200.7291,200.01,201.81,202.93,197.38,1725854400000,34824
2024-09-10 04:00:00,1894687.0,201.2429,202.74,202.01,203.0,199.14,1725940800000,35100
2024-09-11 04:00:00,3787508.0,206.1999,204.1,209.15,210.12,201.5,1726027200000,49956
2024-09-12 04:00:00,4042215.0,212.492,200.0,215.27,217.09,199.65,1726113600000,55862
2024-09-13 04:00:00,3697548.0,224.8849,220.65,225.59,228.6765,219.01,1726200000000,56144
2024-09-16 04:00:00,2334854.0,228.9132,227.88,229.93,231.51,225.24,1726459200000,42989
2024-09-17 04:00:00,5143950.0,235.8197,237.67,237.15,240.0,233.51,1726545600000,63022
2024-09-18 04:00:00,3255887.0,237.6203,238.62,235.67,241.5185,234.0,1726632000000,52395
2024-09-19 04:00:00,3060826.0,242.3988,243.305,244.45,245.0,238.11,1726718400000,43980
2024-09-20 04:00:00,4111410.0,245.7003,243.23,245.46,250.8494,242.25,1726804800000,48045
2024-09-23 04:00:00,3336725.0,251.297,247.825,251.53,254.87,246.79,1727064000000,48841
2024-09-24 04:00:00,3804409.0,255.3018,254.0,255.48,257.5,252.12,1727150400000,55180
2024-09-25 04:00:00,2454244.0,254.9586,257.1,255.05,257.75,252.17,1727236800000,42216
2024-09-26 04:00:00,2817719.0,251.0453,257.76,251.22,258.64,247.07,1727323200000,56889
2024-09-27 04:00:00,2293570.0,251.6261,250.76,249.86,254.43,249.58,1727409600000,44174
2024-09-30 04:00:00,3374184.0,253.321,251.0,254.98,255.35,248.96,1727668800000,47226
2024-10-01 04:00:00,2304083.0,255.0552,256.0,256.53,257.5999,251.1,1727755200000,43409
2024-10-02 04:00:00,2769650.0,253.3467,251.0,252.29,257.5299,248.5,1727841600000,45354
2024-10-03 04:00:00,1913736.0,253.7084,253.15,254.68,257.24,250.89,1727928000000,36937
2024-10-04 04:00:00,3159216.0,262.0419,257.0,265.59,266.42,253.23,1728014400000,58218
2024-10-07 04:00:00,1925059.0,262.8916,265.41,262.54,265.98,260.52,1728273600000,39168
2024-10-08 04:00:00,1671943.0,264.4126,264.03,264.27,266.556,262.25,1728360000000,35537
2024-10-09 04:00:00,1891695.0,266.6878,264.5,266.6,269.2977,262.88,1728446400000,35631
2024-10-10 04:00:00,1795789.0,264.4494,264.0,264.62,266.55,261.79,1728532800000,33027
2024-10-11 04:00:00,1848390.0,266.8917,263.75,266.89,270.11,261.05,1728619200000,38458
2024-10-14 04:00:00,1822285.0,268.2836,267.26,269.5,270.83,265.6901,1728878400000,37780
2024-10-15 04:00:00,2190164.0,265.5874,270.0,266.36,270.87,260.05,1728964800000,45141
2024-10-16 04:00:00,1844916.0,273.0354,268.9,274.77,276.19,267.69,1729051200000,40268
2024-10-17 04:00:00,2510144.0,274.9482,279.24,272.0,281.3732,271.89,1729137600000,45534
2024-10-18 04:00:00,2353706.0,273.2916,273.69,272.72,275.3,271.35,1729224000000,39541
2024-10-21 04:00:00,2569958.0,274.9089,277.0,276.43,277.6,272.28,1729483200000,48532
2024-10-22 04:00:00,2631832.0,275.7911,271.0,276.42,278.29,270.545,1729569600000,50465
2024-10-23 04:00:00,4244597.0,275.5968,273.71,279.88,282.97,268.5,1729656000000,72337
2024-10-24 04:00:00,3620065.0,293.6778,285.81,297.0,297.54,283.0,1729742400000,66957
2024-10-25 04:00:00,2087779.0,295.4066,295.39,293.54,298.81,292.395,1729828800000,42050
2024-10-28 04:00:00,2231616.0,290.2135,295.74,289.23,295.94,288.0801,1730088000000,40171
2024-10-29 04:00:00,2030580.0,293.9669,288.0,298.77,298.96,284.1,1730174400000,43216
2024-10-30 04:00:00,2085187.0,297.8276,300.0,297.6,301.53,294.67,1730260800000,35557
2024-10-31 04:00:00,2550666.0,301.4005,300.0,301.66,303.709,296.0201,1730347200000,43510
2024-11-01 04:00:00,2702214.0,305.1859,305.0,301.09,311.58,300.52,1730433600000,54389
2024-11-04 05:00:00,2070478.0,296.8491,298.0,295.46,301.5,292.54,1730696400000,45037
2024-11-05 05:00:00,3461434.0,312.2555,295.85,315.77,316.4499,294.87,1730782800000,57751
2024-11-06 05:00:00,4486408.0,331.2604,321.16,336.3,338.58,319.0,1730869200000,85102
2024-11-07 05:00:00,2347594.0,336.4051,339.0,336.78,340.41,332.5,1730955600000,45889
2024-11-08 05:00:00,1719992.0,339.6798,336.5,341.18,342.79,335.75,1731042000000,41234
2024-11-11 05:00:00,2486591.0,345.8917,347.8,349.44,349.79,338.5,1731301200000,55012
2024-11-12 05:00:00,6123678.0,327.4915,346.5,323.71,349.4,319.1,1731387600000,121253
2024-11-13 05:00:00,3054493.0,336.0549,334.42,333.26,343.6434,330.55,1731474000000,60361
2024-11-14 05:00:00,2449456.0,329.3101,333.26,326.04,335.1109,325.28,1731560400000,57772
2024-11-15 05:00:00,2931274.0,332.51,325.1,329.76,339.2358,325.1,1731646800000,51914
2024-11-18 05:00:00,1816464.0,327.1228,326.57,325.37,333.24,322.16,1731906000000,42751
2024-11-19 05:00:00,2200573.0,336.5309,320.01,340.0,340.39,317.55,1731992400000,45112
2024-11-20 05:00:00,2633639.0,342.3983,343.75,342.77,348.0,337.74,1732078800000,46804
2024-11-21 05:00:00,2671849.0,347.7216,349.9,339.85,357.09,339.38,1732165200000,56133
2024-11-22 05:00:00,2714644.0,345.996,339.85,349.16,349.7,334.0,1732251600000,51525
2024-11-25 05:00:00,6212395.0,332.4939,353.52,328.98,354.99,328.1938,1732510800000,78056
2024-11-26 05:00:00,2007910.0,336.3774,332.27,338.89,340.71,330.615,1732597200000,46366
2024-11-27 05:00:00,2318182.0,333.2252,339.23,335.33,339.74,329.63,1732683600000,46688
2024-11-29 05:00:00,883728.0,334.6206,334.46,334.12,336.62,332.67,1732856400000,21971
2024-12-02 05:00:00,2327994.0,340.7466,335.73,337.54,346.67,335.51,1733115600000,49080
2024-12-03 05:00:00,2103767.0,332.2623,338.75,331.92,339.96,326.63,1733202000000,46684
2024-12-04 05:00:00,2424016.0,341.2789,336.485,343.75,344.73,333.63,1733288400000,48113
2024-12-05 05:00:00,2099463.0,349.9058,346.02,348.13,354.6899,344.94,1733374800000,48677
2024-12-06 05:00:00,1622761.0,344.9653,347.5,346.51,349.32,341.0,1733461200000,41330
2024-12-09 05:00:00,3045948.0,333.3164,340.35,335.25,345.0,324.5,1733720400000,67658
2024-12-10 05:00:00,3473498.0,326.2912,334.21,327.39,336.59,322.3314,1733806800000,75255
2024-12-11 05:00:00,6671723.0,344.3256,333.56,343.8,350.58,333.33,1733893200000,99141
2024-12-12 05:00:00,3281840.0,332.631,343.0,329.91,343.0,328.19,1733979600000,62383
2024-12-13 05:00:00,2972926.0,331.7191,334.78,332.01,338.0,329.45,1734066000000,40497
2024-12-16 05:00:00,4229793.0,337.3708,336.06,337.71,340.5,330.84,1734325200000,42719
2024-12-17 05:00:00,4408883.0,327.5086,333.0,328.34,334.0,323.5,1734411600000,58030
2024-12-18 05:00:00,3906912.0,321.8135,327.59,317.12,332.06,314.19,1734498000000,57472
2024-12-19 05:00:00,4587897.0,331.6878,324.95,332.8,337.46,322.51,1734584400000,71405
2024-12-20 05:00:00,5476077.0,341.4412,328.13,342.66,345.6399,327.1501,1734670800000,60085
2024-12-23 05:00:00,1436153.0,342.9477,344.25,344.92,346.28,337.0,1734930000000,34127
2024-12-24 05:00:00,1062360.0,345.7894,347.22,347.29,348.99,343.32,1735016400000,18881
2024-12-26 05:00:00,1211476.0,343.1252,345.8,343.07,345.8,338.9,1735189200000,30610
2024-12-27 05:00:00,1506587.0,334.8517,339.95,333.8,340.75,332.5,1735275600000,38474
2024-12-30 05:00:00,1837750.0,330.6281,324.34,330.26,335.64,323.0001,1735534800000,31629
2024-12-31 05:00:00,1793757.0,329.7718,330.93,328.93,333.0964,327.5,1735621200000,30914
2025-01-02 05:00:00,2473774.0,336.949,332.79,338.94,342.67,328.52,1735794000000,43779
2025-01-03 05:00:00,2392405.0,349.377,331.69,354.03,354.98,331.5,1735880400000,58466
2025-01-06 05:00:00,3419116.0,370.4711,369.75,371.32,376.295,366.51,1736139600000,72868
2025-01-07 05:00:00,2728249.0,366.5079,373.26,368.52,374.62,357.226,1736226000000,55111
2025-01-08 05:00:00,3160114.0,359.5316,362.31,366.48,368.79,348.2,1736312400000,65952
2025-01-10 05:00:00,2386995.0,361.7,363.2,367.1,367.83,351.0,1736485200000,56756
2025-01-13 05:00:00,3267905.0,362.77,355.33,366.81,366.85,353.01,1736744400000,56021
2025-01-14 05:00:00,3095611.0,383.2705,376.32,382.26,388.8799,373.7,1736830800000,65335
2025-01-15 05:00:00,2523964.0,388.2956,391.0,387.03,392.77,380.0,1736917200000,53787
2025-01-16 05:00:00,2111597.0,392.7842,394.07,391.0,397.76,387.03,1737003600000,50552
2025-01-17 05:00:00,2363785.0,399.6627,393.29,401.41,404.13,389.59,1737090000000,54967
2025-01-21 05:00:00,4223303.0,409.6125,405.0,416.0,417.21,395.29,1737435600000,90685
2025-01-22 05:00:00,4973944.0,425.42,430.0,427.1,434.1,418.1,1737522000000,108439
2025-01-23 05:00:00,3925027.0,437.9727,423.63,437.71,447.5,422.66,1737608400000,84828
2025-01-24 05:00:00,4717500.0,422.0858,436.93,420.49,436.93,416.0001,1737694800000,92705
2025-01-27 05:00:00,13356758.0,337.8677,339.6,330.0,353.0,322.3,1737954000000,263111
2025-01-28 05:00:00,10396717.0,338.5274,351.415,355.12,355.51,317.7,1738040400000,181546
2025-01-29 05:00:00,5449781.0,356.1035,358.3,353.25,368.84,346.26,1738126800000,94565
2025-01-30 05:00:00,5682519.0,378.6425,365.0,382.94,387.64,364.93,1738213200000,99387
2025-01-31 05:00:00,4146855.0,377.0422,385.56,372.88,387.08,370.56,1738299600000,89020
2025-02-03 05:00:00,4079368.0,361.2298,350.34,361.71,367.1951,348.95,1738558800000,86291
2025-02-04 05:00:00,2766366.0,355.5857,360.6,356.53,366.08,349.565,1738645200000,66960
2025-02-05 05:00:00,2810011.0,365.7103,363.97,367.93,369.475,359.63,1738731600000,51494
2025-02-06 05:00:00,2460844.0,374.6506,365.99,374.83,380.05,364.5983,1738818000000,55509
2025-02-07 05:00:00,2391723.0,380.2709,380.68,377.97,389.89,375.39,1738904400000,58544
2025-02-10 05:00:00,2078929.0,379.6658,379.15,385.0,385.7,372.0,1739163600000,49774
2025-02-11 05:00:00,2064343.0,374.4459,381.3,372.9,383.08,369.37,1739250000000,48563
2025-02-12 05:00:00,1825378.0,371.6688,364.76,369.65,378.26,359.73,1739336400000,44526
2025-02-13 05:00:00,2609692.0,367.6143,376.0,370.31,377.2,360.6,1739422800000,60914
2025-02-14 05:00:00,2238830.0,365.1769,369.28,367.59,369.28,357.0,1739509200000,50801
2025-02-18 05:00:00,2407295.0,371.9312,367.92,373.25,377.7699,363.35,1739854800000,48036
2025-02-19 05:00:00,1670875.0,372.5008,369.94,375.2,376.48,366.25,1739941200000,41562
2025-02-20 05:00:00,3455981.0,362.3913,375.06,359.68,383.29,353.11,1740027600000,77625
2025-02-21 05:00:00,6964959.0,334.8683,357.6,327.88,359.93,325.42,1740114000000,129506
2025-02-24 05:00:00,7156923.0,315.2818,327.38,315.91,329.3868,303.44,1740373200000,126072
2025-02-25 05:00:00,6835154.0,310.3964,307.26,317.69,322.104,298.0,1740459600000,111220
2025-02-26 05:00:00,4684242.0,336.7052,334.83,335.24,342.07,327.85,1740546000000,83206
2025-02-27 05:00:00,4768005.0,331.6221,345.18,326.28,348.51,322.0,1740632400000,82673
2025-02-28 05:00:00,4096607.0,331.0543,322.35,335.18,336.0,318.68,1740718800000,66382
2025-03-03 05:00:00,4846242.0,319.9909,334.7,315.98,337.4299,308.7732,1740978000000,82032
2025-03-04 05:00:00,6257519.0,306.7411,305.8,313.07,321.65,294.45,1741064400000,111869
2025-03-05 05:00:00,4617132.0,319.0938,314.55,316.8,323.89,311.1901,1741150800000,69008
2025-03-06 05:00:00,7501033.0,299.2316,306.68,293.21,309.08,288.28,1741237200000,111414
2025-03-07 05:00:00,7397662.0,288.2769,293.0,289.3,301.0,279.56,1741323600000,104610
2025-03-10 04:00:00,6818771.0,271.8363,275.97,270.13,281.37,266.47,1741579200000,115080
2025-03-11 04:00:00,5274793.0,283.3288,269.99,284.21,291.5298,268.51,1741665600000,97337
2025-03-12 04:00:00,4541534.0,299.268,301.58,298.68,308.0,292.39,1741752000000,79302
2025-03-13 04:00:00,2880429.0,297.8353,297.0,300.24,303.49,285.35,1741838400000,57931
2025-03-14 04:00:00,4404545.0,312.6476,306.45,313.63,315.8,303.0,1741924800000,61301
2025-03-17 04:00:00,4376625.0,328.1083,312.5,331.96,335.29,311.0,1742184000000,79875
2025-03-18 04:00:00,2774135.0,319.4516,329.0,318.93,330.9769,314.5622,1742270400000,55011
2025-03-19 04:00:00,3445579.0,333.8074,323.265,335.8,343.42,320.5,1742356800000,64572
2025-03-20 04:00:00,3500118.0,338.169,329.27,336.83,342.34,329.27,1742443200000,57934
2025-03-21 04:00:00,3012138.0,331.954,330.64,333.87,335.1524,325.11,1742529600000,48040
2025-03-24 04:00:00,3141011.0,344.7767,344.24,343.57,349.62,339.1502,1742788800000,59979
2025-03-25 04:00:00,2631713.0,336.7948,343.87,336.2,344.94,333.21,1742875200000,50605
2025-03-26 04:00:00,3803551.0,320.2711,335.45,317.7,335.45,314.66,1742961600000,77737
2025-03-27 04:00:00,3814222.0,307.1798,310.18,303.0,314.9899,302.33,1743048000000,73825
2025-03-28 04:00:00,2725338.0,302.4191,302.0,302.93,308.88,299.13,1743134400000,54567
2025-03-31 04:00:00,4678348.0,299.745,291.35,305.28,306.03,288.0,1743393600000,71217
2025-04-01 04:00:00,3544462.0,311.7811,307.6,315.64,316.43,302.4,1743480000000,62260
2025-04-02 04:00:00,4203206.0,327.0281,307.08,330.8,335.785,306.0,1743566400000,74179
2025-04-03 04:00:00,5752183.0,301.7796,306.955,297.66,315.87,293.475,1743652800000,103845
2025-04-04 04:00:00,8095786.0,267.2128,277.16,271.48,283.47,252.25,1743739200000,133654
2025-04-07 04:00:00,6522236.0,279.1654,257.02,286.07,298.49,253.0762,1743998400000,102968
2025-04-08 04:00:00,5858373.0,291.7115,303.77,286.89,307.06,279.5718,1744084800000,89651
2025-04-09 04:00:00,7482570.0,314.0836,283.21,326.81,333.3,281.5609,1744171200000,109221
2025-04-10 04:00:00,4444822.0,311.9754,312.04,309.95,322.24,303.1,1744257600000,73155
2025-04-11 04:00:00,2800719.0,317.1325,310.0,321.43,323.2099,306.0001,1744344000000,55060
2025-04-14 04:00:00,2467539.0,324.1717,333.33,322.3,334.25,317.5,1744603200000,46156
2025-04-15 04:00:00,1635321.0,328.3471,323.37,328.56,331.13,323.07,1744689600000,36747
2025-04-16 04:00:00,4015239.0,324.3391,318.57,328.16,332.31,316.0,1744776000000,69300
2025-04-17 04:00:00,2860862.0,327.5761,335.26,323.55,339.99,321.78,1744862400000,48796
2025-04-21 04:00:00,2526764.0,312.3122,320.0,313.08,324.93,306.21,1745208000000,50381
2025-04-22 04:00:00,3471430.0,325.6495,319.05,326.07,331.22,317.6,1745294400000,60199
2025-04-23 04:00:00,5443591.0,343.3473,354.04,336.09,358.88,333.19,1745380800000,94686
2025-04-24 04:00:00,4980362.0,357.4766,342.49,360.49,366.66,337.31,1745467200000,90080
2025-04-25 04:00:00,3961085.0,369.7847,359.81,372.42,376.1499,356.94,1745553600000,76230
2025-04-28 04:00:00,3001842.0,368.9992,371.0,370.06,379.9618,361.63,1745812800000,62073
2025-04-29 04:00:00,2430015.0,369.6468,369.62,371.19,372.09,363.22,1745899200000,46944
2025-04-30 04:00:00,2756768.0,367.0637,359.98,370.82,371.51,357.64,1745985600000,52479
2025-05-01 04:00:00,3246757.0,384.0618,383.34,382.29,387.52,378.47,1746072000000,65735
2025-05-02 04:00:00,3602370.0,396.2369,391.0,396.32,403.42,385.55,1746158400000,73239
2025-05-05 04:00:00,2296914.0,400.6515,392.0,401.1,403.8,390.2106,1746417600000,49225
2025-05-06 04:00:00,2242650.0,398.8134,394.57,401.23,402.64,392.12,1746504000000,46785
2025-05-07 04:00:00,2489492.0,402.9736,400.0,406.81,407.29,397.01,1746590400000,53612
2025-05-08 04:00:00,3346409.0,399.6122,410.0,394.0,413.75,393.86,1746676800000,78665
2025-05-09 04:00:00,2383667.0,395.1632,396.25,399.26,399.78,387.03,1746763200000,57223
2025-05-12 04:00:00,2989910.0,414.9367,415.0,416.63,418.8,408.82,1747022400000,73158
2025-05-13 04:00:00,4769742.0,435.9571,420.91,433.33,444.0,420.0,1747108800000,106469
2025-05-14 04:00:00,2577166.0,434.1627,438.92,432.84,440.34,431.82,1747195200000,66524
2025-05-15 04:00:00,2954267.0,429.1475,430.17,426.97,432.79,425.39,1747281600000,63870
2025-05-16 04:00:00,2603753.0,427.0979,431.0,428.06,431.4625,423.1,1747368000000,59589
2025-05-19 04:00:00,3128744.0,440.3072,424.5,446.6,447.445,421.6383,1747627200000,81616
2025-05-20 04:00:00,2756722.0,448.0264,443.78,450.04,451.365,442.5572,1747713600000,65400
2025-05-21 04:00:00,3932393.0,455.7638,447.0,453.03,463.0,446.5,1747800000000,86449
2025-05-22 04:00:00,2713840.0,460.1103,453.0,458.82,464.7,448.4501,1747886400000,66399
2025-05-23 04:00:00,3571634.0,464.9755,460.01,464.39,469.8113,458.79,1747972800000,83723
2025-05-27 04:00:00,2942610.0,471.2333,471.64,471.51,476.01,466.0,1748318400000,73137
2025-05-28 04:00:00,3318071.0,480.8596,468.54,485.01,487.4,467.5,1748404800000,80524
2025-05-29 04:00:00,4299359.0,471.2818,487.25,471.17,489.13,462.0,1748491200000,105319
2025-05-30 04:00:00,5092535.0,470.8022,470.0,472.98,473.79,463.3401,1748577600000,81266
2025-06-02 04:00:00,2514381.0,481.4586,475.0,485.16,486.28,472.49,1748836800000,66095
2025-06-03 04:00:00,3476868.0,493.1484,494.0,492.97,500.72,485.0,1748923200000,74613
2025-06-04 04:00:00,2193558.0,490.0711,493.73,488.13,499.43,486.51,1749009600000,59988
2025-06-05 04:00:00,2448501.0,486.5768,491.07,484.31,493.87,479.5382,1749096000000,65142
2025-06-06 04:00:00,2101070.0,485.5258,486.78,485.0,488.9499,478.0,1749182400000,60377
2025-06-09 04:00:00,2346890.0,483.0812,492.0,480.0,492.31,479.8,1749441600000,63100
2025-06-10 04:00:00,3944389.0,465.3785,482.36,465.31,482.69,458.646,1749528000000,101263
2025-06-11 04:00:00,3100433.0,479.2715,469.52,483.47,484.33,464.0,1749614400000,74800
2025-06-12 04:00:00,2431914.0,486.282,478.81,487.67,489.71,478.1,1749700800000,57994
2025-06-13 04:00:00,2433901.0,478.9905,477.68,478.45,484.6281,474.21,1749787200000,61676
2025-06-16 04:00:00,2134809.0,488.2458,480.0,487.88,492.53,480.0,1750046400000,59908
2025-06-17 04:00:00,2160392.0,487.5427,486.77,488.66,494.02,481.6,1750132800000,58310
2025-06-18 04:00:00,2240159.0,488.8179,486.79,490.19,491.13,482.01,1750219200000,49682
2025-06-20 04:00:00,4002784.0,486.6627,493.53,486.96,496.01,480.55,1750392000000,56936
2025-06-23 04:00:00,3097971.0,493.6025,486.66,499.88,500.04,479.0397,1750651200000,66779
2025-06-24 04:00:00,2692555.0,507.2942,505.96,510.84,512.82,496.73,1750737600000,72771
2025-06-25 04:00:00,2476001.0,508.659,516.0,502.67,522.97,502.25,1750824000000,66576
2025-06-26 04:00:00,2205693.0,506.1395,505.0,506.81,508.91,498.81,1750910400000,58601
2025-06-27 04:00:00,9150273.0,520.6588,507.0,519.66,532.5899,503.0001,1750996800000,96074
2025-06-30 04:00:00,2030065.0,527.6044,524.27,529.15,531.37,516.5942,1751256000000,60484
2025-07-01 04:00:00,6526985.0,499.0611,525.16,506.0,528.0,482.2001,1751342400000,155633
2025-07-02 04:00:00,3389533.0,503.574,502.58,505.07,511.52,497.3,1751428800000,77581
2025-07-03 04:00:00,1809150.0,515.6715,511.74,517.04,519.71,506.02,1751515200000,50214
2025-07-07 04:00:00,2268050.0,526.4548,520.0,530.28,531.19,514.08,1751860800000,69605
2025-07-08 04:00:00,3130662.0,525.6609,535.0,530.0,537.22,511.5001,1751947200000,89646
2025-07-09 04:00:00,2295664.0,537.6895,535.56,535.77,545.63,530.0,1752033600000,62754
2025-07-10 04:00:00,2510575.0,535.5339,539.04,539.36,542.37,520.0,1752120000000,72968
2025-07-11 04:00:00,2286510.0,539.9671,538.0,539.16,546.65,534.67,1752206400000,50927
2025-07-14 04:00:00,2471743.0,551.4057,541.45,555.04,555.855,540.0,1752465600000,62335
2025-07-15 04:00:00,2576889.0,556.9275,556.81,559.61,560.63,545.49,1752552000000,64931
2025-07-16 04:00:00,1955126.0,560.0965,559.62,561.17,566.5199,552.0001,1752638400000,58510
2025-07-17 04:00:00,2569448.0,573.2543,568.65,570.17,581.265,566.22,1752724800000,82108
2025-07-18 04:00:00,2052804.0,574.0501,570.61,574.6,579.025,567.0001,1752811200000,58432
2025-07-21 04:00:00,2146844.0,571.1721,576.14,565.91,577.625,564.66,1753070400000,67251
2025-07-22 04:00:00,3938494.0,549.5026,558.51,548.99,558.51,537.155,1753156800000,104291
2025-07-23 04:00:00,7081275.0,620.7127,595.75,629.03,633.72,585.0,1753243200000,189440
2025-07-24 04:00:00,3918587.0,625.6986,632.27,623.97,633.07,615.3,1753329600000,105923
2025-07-25 04:00:00,3604472.0,643.9903,630.0,644.59,651.22,626.0,1753416000000,108295
2025-07-28 04:00:00,2920550.0,642.816,638.26,647.66,648.5178,631.16,1753675200000,90954
2025-07-29 04:00:00,2749930.0,638.3179,646.99,632.67,655.65,629.99,1753761600000,78263
2025-07-30 04:00:00,2699556.0,650.5678,639.95,655.0,656.17,635.17,1753848000000,83318
2025-07-31 04:00:00,3343017.0,665.4351,660.0,660.29,677.2899,656.07,1753934400000,90860
2025-08-01 04:00:00,3077392.0,650.6241,638.18,656.5,664.26,632.46,1754020800000,96333
2025-08-04 04:00:00,2155916.0,665.001,659.36,662.77,674.97,653.95,1754280000000,66349
2025-08-05 04:00:00,2180246.0,652.5069,661.24,649.72,665.11,643.96,1754366400000,67916
2025-08-06 04:00:00,1894867.0,659.1532,646.63,664.55,666.29,644.0,1754452800000,60850
2025-08-07 04:00:00,2239865.0,650.2038,665.77,645.86,669.3827,638.52,1754539200000,70673
2025-08-08 04:00:00,1888714.0,647.7213,655.23,649.09,656.25,639.1701,1754625600000,55273
2025-08-11 04:00:00,1687604.0,649.2086,641.0,650.76,653.42,637.37,1754884800000,52587
2025-08-12 04:00:00,1804875.0,657.085,652.74,657.44,662.8351,651.0,1754971200000,45326
2025-08-13 04:00:00,3936413.0,631.0497,662.32,634.31,666.15,614.23,1755057600000,128052
2025-08-14 04:00:00,2534442.0,627.2659,627.0,625.27,640.2799,620.28,1755144000000,95581
2025-08-15 04:00:00,2488202.0,618.7965,624.03,621.91,624.03,607.86,1755230400000,76048
2025-08-18 04:00:00,1860413.0,621.6234,621.38,625.02,628.5452,614.23,1755489600000,56186
2025-08-19 04:00:00,3096700.0,604.9395,620.55,603.13,620.98,595.19,1755576000000,101653
2025-08-20 04:00:00,3575848.0,595.7639,592.61,604.59,607.77,581.23,1755662400000,102981
2025-08-21 04:00:00,2566592.0,611.1613,607.02,606.0,620.0,605.31,1755748800000,68159
2025-08-22 04:00:00,2727705.0,612.5058,607.97,607.07,623.98,602.5,1755835200000,78824
2025-08-25 04:00:00,2129951.0,605.0718,608.83,602.31,614.471,597.0336,1756094400000,65240
2025-08-26 04:00:00,2689366.0,621.0453,603.85,625.91,628.58,603.0424,1756180800000,69675
2025-08-27 04:00:00,1862850.0,624.2124,625.22,622.39,629.9348,618.0,1756267200000,55931
2025-08-28 04:00:00,2256421.0,637.5153,626.78,633.69,646.95,626.78,1756353600000,69983
2025-08-29 04:00:00,2266374.0,615.796,631.86,612.97,634.9999,609.34,1756440000000,73882
2025-09-02 04:00:00,5267320.0,579.2374,590.55,579.68,594.0,567.86,1756785600000,151094
2025-09-03 04:00:00,3657481.0,574.4239,586.285,577.04,586.285,565.43,1756872000000,113781
2025-09-04 04:00:00,3195354.0,593.4139,580.81,598.81,600.37,580.06,1756958400000,91515
2025-09-05 04:00:00,3477710.0,577.9971,599.96,582.08,604.5,565.5,1757044800000,106030
2025-09-08 04:00:00,2513708.0,598.6527,594.41,600.23,606.0,584.9401,1757304000000,81495
2025-09-09 04:00:00,1863901.0,603.1519,606.35,605.7,607.69,594.77,1757390400000,58979
2025-09-10 04:00:00,3878653.0,639.7802,625.0,643.56,645.19,623.0,1757476800000,102638
2025-09-11 04:00:00,4099922.0,634.4738,648.75,634.15,653.5,620.1,1757563200000,107664
2025-09-12 04:00:00,2640351.0,630.6454,632.12,625.55,646.8799,624.15,1757649600000,65145
2025-09-15 04:00:00,1851879.0,629.3386,630.15,628.68,639.89,624.1,1757908800000,57079
2025-09-16 04:00:00,3104072.0,617.9417,629.5,617.91,633.52,608.73,1757995200000,83939
2025-09-17 04:00:00,2058377.0,611.1028,616.4,614.79,619.1138,601.12,1758081600000,72179
2025-09-18 04:00:00,2245558.0,617.7757,622.96,611.0,627.1,611.0,1758168000000,69728
2025-09-19 04:00:00,4107343.0,617.0826,611.69,624.17,625.66,596.5064,1758254400000,85521
2025-09-22 04:00:00,2566029.0,638.0271,620.11,644.37,648.5,620.11,1758513600000,83130
2025-09-23 04:00:00,2427243.0,631.953,644.68,633.41,644.7211,622.2002,1758600000000,83783
2025-09-24 04:00:00,1617199.0,630.6659,640.0,628.97,642.0,624.19,1758686400000,58972
2025-09-25 04:00:00,3202477.0,607.5623,614.905,607.52,619.747,593.38,1758772800000,98222
2025-09-26 04:00:00,1845327.0,604.9126,610.0,605.17,615.14,598.11,1758859200000,63147
2025-09-29 04:00:00,2188685.0,603.33,612.45,602.43,616.44,596.38,1759118400000,69505
2025-09-30 04:00:00,1818698.0,610.8619,604.88,614.9,614.94,603.2989,1759204800000,59904
2025-10-01 04:00:00,2423637.0,603.8198,599.64,606.15,610.66,595.0,1759291200000,80234
2025-10-02 04:00:00,2044562.0,609.8557,611.11,606.23,622.5,603.615,1759377600000,66473
2025-10-03 04:00:00,2668461.0,596.0461,610.29,594.99,611.75,588.0,1759464000000,94417
2025-10-06 04:00:00,1950843.0,600.7103,606.0,603.22,608.59,593.7,1759723200000,68569
2025-10-07 04:00:00,2161662.0,602.7474,603.155,606.12,609.39,592.0,1759809600000,80397
2025-10-08 04:00:00,2286471.0,617.8969,613.0,625.45,626.4405,599.0,1759896000000,70894
2025-10-09 04:00:00,2414018.0,628.8131,629.0,634.27,637.15,621.111,1759982400000,72974
2025-10-10 04:00:00,3003569.0,613.8349,630.0,604.56,634.27,602.5953,1760068800000,96493
2025-10-13 04:00:00,3406783.0,642.1016,613.18,648.25,655.99,613.1401,1760328000000,102526
2025-10-14 04:00:00,2890472.0,641.8008,635.0,644.41,656.8799,615.84,1760414400000,96317
2025-10-15 04:00:00,3246024.0,629.8548,650.17,615.95,664.6931,613.59,1760500800000,110639
2025-10-16 04:00:00,3500605.0,604.7343,621.5,602.0,623.625,595.2,1760587200000,108057
2025-10-17 04:00:00,2747710.0,599.9943,595.27,600.0,608.8188,591.6511,1760673600000,80087
2025-10-20 04:00:00,2634422.0,597.8821,608.12,594.07,610.0,593.68,1760932800000,75466
2025-10-21 04:00:00,3956373.0,587.8681,593.86,585.33,596.7799,581.76,1761019200000,108778
2025-10-22 04:00:00,10333096.0,561.4108,607.0,576.0,609.54,532.72,1761105600000,270372
2025-10-23 04:00:00,3952712.0,591.6464,580.0,595.15,600.0,580.0,1761192000000,105012
2025-10-24 04:00:00,3694197.0,597.2149,607.0,584.39,613.81,584.18,1761278400000,111618
2025-10-27 04:00:00,2842374.0,585.3332,590.8,584.39,594.075,580.01,1761537600000,91652
2025-10-28 04:00:00,3589268.0,574.3997,590.0,570.98,591.92,565.0,1761624000000,108104
2025-10-29 04:00:00,2808513.0,577.0687,576.27,577.97,585.575,569.2712,1761710400000,84124
2025-10-30 04:00:00,2305116.0,580.4716,570.0,574.07,592.67,569.5,1761796800000,70358
2025-10-31 04:00:00,2789457.0,584.3758,580.13,585.14,592.0,576.5,1761883200000,65530
2025-11-03 05:00:00,1853237.0,583.4695,590.5,581.26,593.27,576.76,1762146000000,66173
2025-11-04 05:00:00,3994942.0,556.2893,571.0,547.96,576.21,541.44,1762232400000,134354
2025-11-05 05:00:00,2844722.0,559.2972,550.0,559.7,567.53,541.29,1762318800000,98557
2025-11-06 05:00:00,2215252.0,551.7287,558.09,550.17,560.505,545.41,1762405200000,88544
2025-11-07 05:00:00,2823781.0,562.3038,546.7,575.13,576.89,539.1,1762491600000,106285
2025-11-10 05:00:00,2555821.0,580.101,586.32,579.8,595.84,568.2,1762750800000,90030
2025-11-11 05:00:00,1748507.0,572.9817,580.605,576.08,582.8,563.1,1762837200000,69140
2025-11-12 05:00:00,2026343.0,579.1062,579.46,575.4,588.94,574.01,1762923600000,71807
2025-11-13 05:00:00,5166875.0,551.4238,574.32,558.17,574.32,537.36,1763010000000,169936
2025-11-14 05:00:00,4037287.0,577.7574,545.2,578.31,591.81,542.9087,1763096400000,133076
2025-11-17 05:00:00,2998024.0,581.1068,573.0,577.02,592.35,569.84,1763355600000,97378
2025-11-18 05:00:00,2986001.0,562.0732,569.06,554.93,576.4783,552.84,1763442000000,101812
2025-11-19 05:00:00,4212143.0,589.0168,561.0,595.37,600.0,560.8,1763528400000,124681
2025-11-20 05:00:00,4874636.0,591.2536,607.2,558.03,628.01,557.69,1763614800000,159988
2025-11-21 05:00:00,4872810.0,551.0242,563.01,555.84,565.75,530.16,1763701200000,137439
2025-11-24 05:00:00,2748868.0,576.1151,559.44,580.49,583.0,558.26,1763960400000,85396
2025-11-25 05:00:00,2356480.0,567.8967,575.0,572.56,582.0,553.25,1764046800000,76156
2025-11-26 05:00:00,2223829.0,589.916,581.7,589.72,596.98,579.48,1764133200000,76840
2025-11-28 05:00:00,1006604.0,595.1887,595.0,599.77,599.77,588.53,1764306000000,38370
2025-12-01 05:00:00,2302455.0,579.2515,590.0,576.9,590.0,574.8,1764565200000,72389
2025-12-02 05:00:00,2890812.0,600.7387,586.17,601.58,609.84,585.0001,1764651600000,86590
2025-12-03 05:00:00,2754483.0,597.3086,595.88,601.97,608.8468,575.38,1764738000000,83780
2025-12-04 05:00:00,3698500.0,628.4529,605.0,629.11,639.14,602.9,1764824400000,117452
2025-12-05 05:00:00,2348031.0,629.8201,630.86,631.32,640.0,621.2,1764910800000,84736
2025-12-08 05:00:00,2540100.0,617.6721,631.06,621.9,636.3977,607.4,1765170000000,88996
2025-12-09 05:00:00,3017483.0,631.0579,617.0,625.3,636.88,613.2001,1765256400000,73613
2025-12-10 05:00:00,11396415.0,709.6749,692.15,723.0,731.0,679.0001,1765342800000,299478
2025-12-11 05:00:00,4830880.0,694.65,711.15,704.2,711.15,681.2,1765429200000,162209
2025-12-12 05:00:00,5225703.0,672.8477,697.85,671.71,698.94,656.37,1765515600000,163165
2025-12-15 05:00:00,3529608.0,684.4757,688.48,681.35,695.05,675.0,1765774800000,116597
2025-12-16 05:00:00,3572244.0,685.5538,687.0,686.22,699.88,671.0052,1765861200000,108856
2025-12-17 05:00:00,6770081.0,634.5876,687.0,614.19,693.9999,613.09,1765947600000,213237
2025-12-18 05:00:00,4426464.0,644.4893,649.3,639.43,658.69,636.535,1766034000000,135120
2025-12-19 05:00:00,4489097.0,654.3565,646.78,658.28,660.59,641.6,1766120400000,97250
2025-12-22 05:00:00,2694275.0,662.4185,671.11,661.81,671.4,656.8,1766379600000,81938
2025-12-23 05:00:00,1997567.0,659.9985,664.82,661.45,664.82,654.0,1766466000000,58913
2025-12-24 05:00:00,1110890.0,667.6252,660.63,667.32,673.5,658.27,1766552400000,40245
2025-12-26 05:00:00,1155311.0,663.5609,667.46,663.46,668.2,660.4899,1766725200000,45838
2025-12-29 05:00:00,2186083.0,661.9291,659.6,663.46,671.0,651.6901,1766984400000,59889
2025-12-30 05:00:00,1206972.0,663.1138,665.65,659.64,668.44,659.35,1767070800000,52309
2025-12-31 05:00:00,1259928.0,656.3846,656.8,653.57,666.66,652.75,1767157200000,49320
